ProductID,Warehouse,CurrentStock,MinimumStock,MaximumStock,SafetyStock,ReorderPoint,LeadTimeDays,SupplierID,LastRestocked,InventoryStatus,StockUtilisation,DaysSinceRestock
P0001,Chennai WH,68,16,218,18,34,4,SUP002,2025-12-05,Healthy,31.19,227
P0002,Chennai WH,218,32,226,27,59,8,SUP006,2025-11-02,Healthy,96.46,260
P0003,Chennai WH,41,25,194,27,52,8,SUP014,2025-10-15,Reorder Required,21.13,278
P0004,Madurai WH,80,34,137,22,56,4,SUP015,2025-10-15,Healthy,58.39,278
P0005,Coimbatore WH,5,16,140,12,28,5,SUP014,2025-12-18,Reorder Required,3.57,214
P0006,Coimbatore WH,78,30,137,18,48,10,SUP017,2025-12-05,Healthy,56.93,227
P0007,Madurai WH,101,21,133,29,50,8,SUP017,2025-12-05,Healthy,75.94,227
P0008,Coimbatore WH,214,36,276,27,63,10,SUP017,2025-10-15,Healthy,77.54,278
P0009,Madurai WH,124,39,170,30,69,5,SUP009,2025-11-02,Healthy,72.94,260
P0010,Coimbatore WH,116,25,143,20,45,9,SUP019,2025-11-20,Healthy,81.12,242
P0011,Chennai WH,186,15,271,16,31,4,SUP012,2025-11-02,Healthy,68.63,260
P0012,Coimbatore WH,147,27,297,27,54,3,SUP025,2025-11-02,Healthy,49.49,260
P0013,Coimbatore WH,137,32,176,25,57,5,SUP013,2025-12-05,Healthy,77.84,227
P0014,Chennai WH,49,16,222,10,26,5,SUP009,2025-11-20,Healthy,22.07,242
P0015,Chennai WH,215,36,296,18,54,9,SUP004,2025-12-18,Healthy,72.64,214
P0016,Coimbatore WH,21,17,145,26,43,8,SUP001,2025-12-18,Reorder Required,14.48,214
P0017,Coimbatore WH,126,27,126,12,39,9,SUP009,2025-12-05,Healthy,100.0,227
P0018,Chennai WH,89,16,229,27,43,8,SUP021,2025-11-02,Healthy,38.86,260
P0019,Chennai WH,171,28,215,12,40,5,SUP024,2025-10-15,Healthy,79.53,278
P0020,Chennai WH,156,35,263,11,46,9,SUP021,2025-11-20,Healthy,59.32,242
P0021,Coimbatore WH,136,39,173,22,61,8,SUP017,2025-10-15,Healthy,78.61,278
P0022,Madurai WH,15,35,240,15,50,9,SUP005,2025-12-05,Reorder Required,6.25,227
P0023,Madurai WH,222,36,241,10,46,8,SUP024,2025-12-05,Healthy,92.12,227
P0024,Coimbatore WH,133,24,167,23,47,3,SUP017,2025-12-18,Healthy,79.64,214
P0025,Madurai WH,26,32,254,14,46,8,SUP024,2025-11-20,Reorder Required,10.24,242
P0026,Madurai WH,69,22,153,28,50,8,SUP008,2025-11-02,Healthy,45.1,260
P0027,Chennai WH,128,25,134,18,43,9,SUP007,2025-12-18,Healthy,95.52,214
P0028,Chennai WH,144,21,179,10,31,6,SUP003,2025-12-18,Healthy,80.45,214
P0029,Madurai WH,68,25,258,12,37,8,SUP005,2025-12-05,Healthy,26.36,227
P0030,Madurai WH,182,30,197,22,52,3,SUP016,2025-11-20,Healthy,92.39,242
P0031,Madurai WH,3,27,280,17,44,5,SUP020,2025-12-05,Reorder Required,1.07,227
P0032,Coimbatore WH,92,25,146,28,53,4,SUP012,2025-12-05,Healthy,63.01,227
P0033,Chennai WH,87,25,240,21,46,6,SUP006,2025-12-05,Healthy,36.25,227
P0034,Coimbatore WH,128,40,227,11,51,9,SUP006,2025-12-18,Healthy,56.39,214
P0035,Coimbatore WH,31,27,203,21,48,4,SUP017,2025-12-18,Reorder Required,15.27,214
P0036,Coimbatore WH,99,25,129,11,36,9,SUP004,2025-12-05,Healthy,76.74,227
P0037,Coimbatore WH,228,33,298,20,53,6,SUP015,2025-12-18,Healthy,76.51,214
P0038,Madurai WH,128,33,250,21,54,6,SUP009,2025-11-20,Healthy,51.2,242
P0039,Madurai WH,54,16,116,15,31,4,SUP016,2025-11-02,Healthy,46.55,260
P0040,Coimbatore WH,72,30,257,27,57,3,SUP012,2025-11-02,Healthy,28.02,260
P0041,Madurai WH,230,34,254,11,45,10,SUP025,2025-11-20,Healthy,90.55,242
P0042,Coimbatore WH,186,37,227,28,65,3,SUP008,2025-10-15,Healthy,81.94,278
P0043,Coimbatore WH,91,23,228,19,42,5,SUP002,2025-12-18,Healthy,39.91,214
P0044,Coimbatore WH,11,15,170,25,40,5,SUP017,2025-11-02,Reorder Required,6.47,260
P0045,Coimbatore WH,127,39,222,26,65,6,SUP008,2025-11-20,Healthy,57.21,242
P0046,Madurai WH,156,31,236,12,43,4,SUP018,2025-11-20,Healthy,66.1,242
P0047,Coimbatore WH,200,40,298,16,56,4,SUP015,2025-10-15,Healthy,67.11,278
P0048,Madurai WH,223,16,291,28,44,9,SUP012,2025-11-02,Healthy,76.63,260
P0049,Chennai WH,61,30,178,14,44,6,SUP008,2025-11-02,Healthy,34.27,260
P0050,Madurai WH,52,17,121,22,39,3,SUP011,2025-12-18,Healthy,42.98,214
P0051,Coimbatore WH,178,15,217,11,26,6,SUP006,2025-11-20,Healthy,82.03,242
P0052,Chennai WH,131,18,171,19,37,8,SUP024,2025-11-20,Healthy,76.61,242
P0053,Chennai WH,106,40,191,14,54,10,SUP017,2025-12-05,Healthy,55.5,227
P0054,Coimbatore WH,19,27,233,27,54,6,SUP002,2025-11-20,Reorder Required,8.15,242
P0055,Coimbatore WH,31,19,156,25,44,4,SUP012,2025-12-18,Reorder Required,19.87,214
P0056,Coimbatore WH,180,34,257,10,44,10,SUP012,2025-11-02,Healthy,70.04,260
P0057,Chennai WH,212,27,248,11,38,4,SUP019,2025-11-20,Healthy,85.48,242
P0058,Coimbatore WH,46,38,228,12,50,6,SUP005,2025-12-05,Reorder Required,20.18,227
P0059,Chennai WH,84,19,131,10,29,5,SUP004,2025-11-02,Healthy,64.12,260
P0060,Coimbatore WH,169,22,177,24,46,9,SUP002,2025-10-15,Healthy,95.48,278
P0061,Madurai WH,34,19,135,13,32,10,SUP002,2025-11-20,Healthy,25.19,242
P0062,Coimbatore WH,110,29,185,16,45,6,SUP022,2025-11-02,Healthy,59.46,260
P0063,Coimbatore WH,171,17,190,10,27,7,SUP012,2025-11-02,Healthy,90.0,260
P0064,Coimbatore WH,63,16,135,11,27,4,SUP008,2025-11-02,Healthy,46.67,260
P0065,Coimbatore WH,142,32,229,10,42,7,SUP012,2025-11-02,Healthy,62.01,260
P0066,Madurai WH,80,28,208,11,39,7,SUP001,2025-11-20,Healthy,38.46,242
P0067,Madurai WH,96,31,141,10,41,7,SUP006,2025-12-18,Healthy,68.09,214
P0068,Chennai WH,273,25,281,24,49,4,SUP013,2025-10-15,Healthy,97.15,278
P0069,Coimbatore WH,199,21,226,16,37,8,SUP010,2025-12-18,Healthy,88.05,214
P0070,Madurai WH,66,32,133,15,47,9,SUP001,2025-11-02,Healthy,49.62,260
P0071,Chennai WH,25,39,182,16,55,8,SUP023,2025-12-18,Reorder Required,13.74,214
P0072,Chennai WH,92,18,134,18,36,4,SUP009,2025-11-20,Healthy,68.66,242
P0073,Madurai WH,66,19,140,18,37,9,SUP018,2025-10-15,Healthy,47.14,278
P0074,Madurai WH,73,36,227,27,63,4,SUP025,2025-11-20,Healthy,32.16,242
P0075,Madurai WH,28,29,149,17,46,3,SUP004,2025-12-05,Reorder Required,18.79,227
P0076,Chennai WH,99,27,161,21,48,5,SUP014,2025-11-02,Healthy,61.49,260
P0077,Chennai WH,21,22,145,10,32,9,SUP018,2025-11-20,Reorder Required,14.48,242
P0078,Chennai WH,16,28,201,15,43,9,SUP004,2025-12-18,Reorder Required,7.96,214
P0079,Madurai WH,278,27,288,18,45,3,SUP007,2025-11-20,Healthy,96.53,242
P0080,Coimbatore WH,37,24,138,29,53,8,SUP010,2025-11-02,Reorder Required,26.81,260
P0081,Chennai WH,108,28,135,16,44,10,SUP005,2025-11-02,Healthy,80.0,260
P0082,Madurai WH,114,36,143,11,47,6,SUP007,2025-12-05,Healthy,79.72,227
P0083,Chennai WH,55,33,155,23,56,8,SUP015,2025-10-15,Reorder Required,35.48,278
P0084,Chennai WH,172,32,184,19,51,3,SUP005,2025-12-18,Healthy,93.48,214
P0085,Coimbatore WH,157,18,229,11,29,9,SUP011,2025-11-02,Healthy,68.56,260
P0086,Chennai WH,53,35,305,22,57,9,SUP002,2025-11-02,Reorder Required,17.38,260
P0087,Coimbatore WH,298,19,298,30,49,5,SUP012,2025-12-18,Healthy,100.0,214
P0088,Chennai WH,216,28,231,18,46,7,SUP018,2025-12-18,Healthy,93.51,214
P0089,Madurai WH,36,36,143,27,63,4,SUP025,2025-12-18,Reorder Required,25.17,214
P0090,Madurai WH,126,36,261,29,65,4,SUP018,2025-12-05,Healthy,48.28,227
P0091,Madurai WH,95,15,235,21,36,7,SUP024,2025-11-20,Healthy,40.43,242
P0092,Chennai WH,43,32,190,28,60,8,SUP012,2025-10-15,Reorder Required,22.63,278
P0093,Coimbatore WH,193,33,221,13,46,10,SUP022,2025-11-02,Healthy,87.33,260
P0094,Coimbatore WH,146,18,186,29,47,4,SUP005,2025-12-18,Healthy,78.49,214
P0095,Madurai WH,118,36,263,13,49,10,SUP017,2025-12-05,Healthy,44.87,227
P0096,Coimbatore WH,136,25,291,20,45,9,SUP022,2025-12-05,Healthy,46.74,227
P0097,Coimbatore WH,36,20,130,17,37,4,SUP002,2025-11-02,Reorder Required,27.69,260
P0098,Chennai WH,190,19,231,30,49,5,SUP025,2025-12-18,Healthy,82.25,214
P0099,Madurai WH,128,22,252,26,48,5,SUP001,2025-12-05,Healthy,50.79,227
P0100,Coimbatore WH,163,19,246,18,37,8,SUP008,2025-10-15,Healthy,66.26,278
P0101,Madurai WH,12,28,214,25,53,9,SUP014,2025-12-05,Reorder Required,5.61,227
P0102,Chennai WH,118,37,242,12,49,8,SUP004,2025-10-15,Healthy,48.76,278
P0103,Chennai WH,199,37,220,21,58,8,SUP023,2025-12-18,Healthy,90.45,214
P0104,Madurai WH,174,37,294,27,64,10,SUP008,2025-10-15,Healthy,59.18,278
P0105,Coimbatore WH,120,20,165,14,34,10,SUP021,2025-10-15,Healthy,72.73,278
P0106,Madurai WH,91,26,204,30,56,5,SUP010,2025-10-15,Healthy,44.61,278
P0107,Chennai WH,142,26,152,16,42,3,SUP017,2025-10-15,Healthy,93.42,278
P0108,Coimbatore WH,180,34,241,25,59,9,SUP003,2025-11-02,Healthy,74.69,260
P0109,Coimbatore WH,178,20,205,21,41,6,SUP024,2025-12-05,Healthy,86.83,227
P0110,Coimbatore WH,130,18,211,22,40,4,SUP004,2025-11-02,Healthy,61.61,260
P0111,Chennai WH,44,23,209,12,35,4,SUP003,2025-10-15,Healthy,21.05,278
P0112,Coimbatore WH,243,28,249,30,58,10,SUP023,2025-10-15,Healthy,97.59,278
P0113,Coimbatore WH,129,28,195,11,39,4,SUP013,2025-11-20,Healthy,66.15,242
P0114,Chennai WH,155,26,212,21,47,4,SUP004,2025-10-15,Healthy,73.11,278
P0115,Coimbatore WH,52,29,139,22,51,8,SUP011,2025-11-20,Healthy,37.41,242
P0116,Madurai WH,57,19,211,20,39,10,SUP025,2025-10-15,Healthy,27.01,278
P0117,Chennai WH,84,34,192,25,59,5,SUP023,2025-12-05,Healthy,43.75,227
P0118,Coimbatore WH,50,32,170,17,49,7,SUP016,2025-11-20,Healthy,29.41,242
P0119,Coimbatore WH,138,30,258,30,60,10,SUP024,2025-11-20,Healthy,53.49,242
P0120,Madurai WH,25,17,246,30,47,9,SUP011,2025-12-05,Reorder Required,10.16,227
P0121,Chennai WH,198,33,200,28,61,5,SUP006,2025-12-05,Healthy,99.0,227
P0122,Madurai WH,139,40,302,26,66,10,SUP008,2025-11-20,Healthy,46.03,242
P0123,Madurai WH,206,20,232,26,46,6,SUP003,2025-12-18,Healthy,88.79,214
P0124,Madurai WH,119,27,228,27,54,4,SUP021,2025-11-02,Healthy,52.19,260
P0125,Coimbatore WH,77,20,156,21,41,5,SUP005,2025-11-02,Healthy,49.36,260
P0126,Coimbatore WH,100,29,283,18,47,6,SUP007,2025-12-18,Healthy,35.34,214
P0127,Coimbatore WH,156,34,174,11,45,7,SUP001,2025-11-02,Healthy,89.66,260
P0128,Chennai WH,10,20,203,20,40,5,SUP008,2025-10-15,Reorder Required,4.93,278
P0129,Coimbatore WH,118,26,166,16,42,4,SUP006,2025-10-15,Healthy,71.08,278
P0130,Madurai WH,121,32,293,26,58,3,SUP004,2025-12-05,Healthy,41.3,227
P0131,Chennai WH,115,19,159,17,36,7,SUP019,2025-11-20,Healthy,72.33,242
P0132,Coimbatore WH,249,38,297,22,60,3,SUP014,2025-12-05,Healthy,83.84,227
P0133,Chennai WH,73,38,292,29,67,5,SUP008,2025-11-20,Healthy,25.0,242
P0134,Chennai WH,101,38,292,24,62,5,SUP017,2025-11-02,Healthy,34.59,260
P0135,Madurai WH,77,22,151,25,47,4,SUP006,2025-10-15,Healthy,50.99,278
P0136,Madurai WH,141,30,199,30,60,9,SUP008,2025-12-18,Healthy,70.85,214
P0137,Coimbatore WH,143,28,184,12,40,7,SUP009,2025-11-02,Healthy,77.72,260
P0138,Madurai WH,2,19,176,29,48,6,SUP023,2025-10-15,Reorder Required,1.14,278
P0139,Chennai WH,36,28,258,26,54,7,SUP015,2025-11-20,Reorder Required,13.95,242
P0140,Chennai WH,158,31,262,12,43,9,SUP025,2025-12-05,Healthy,60.31,227
P0141,Chennai WH,85,35,192,10,45,5,SUP015,2025-12-05,Healthy,44.27,227
P0142,Coimbatore WH,89,24,239,13,37,10,SUP004,2025-11-02,Healthy,37.24,260
P0143,Chennai WH,269,26,270,18,44,7,SUP004,2025-10-15,Healthy,99.63,278
P0144,Coimbatore WH,114,35,251,21,56,8,SUP005,2025-11-02,Healthy,45.42,260
P0145,Chennai WH,115,22,169,15,37,8,SUP025,2025-12-18,Healthy,68.05,214
P0146,Coimbatore WH,41,22,221,23,45,8,SUP019,2025-11-20,Reorder Required,18.55,242
P0147,Madurai WH,2,39,307,22,61,9,SUP008,2025-12-05,Reorder Required,0.65,227
P0148,Coimbatore WH,153,22,170,29,51,6,SUP015,2025-12-18,Healthy,90.0,214
P0149,Madurai WH,116,25,201,10,35,10,SUP002,2025-11-02,Healthy,57.71,260
P0150,Coimbatore WH,46,15,182,18,33,5,SUP006,2025-11-02,Healthy,25.27,260
P0151,Coimbatore WH,164,22,172,26,48,5,SUP013,2025-12-18,Healthy,95.35,214
P0152,Coimbatore WH,214,30,265,11,41,9,SUP023,2025-11-20,Healthy,80.75,242
P0153,Coimbatore WH,189,40,193,14,54,4,SUP021,2025-11-20,Healthy,97.93,242
P0154,Coimbatore WH,71,17,224,21,38,5,SUP018,2025-12-05,Healthy,31.7,227
P0155,Coimbatore WH,37,34,186,11,45,3,SUP025,2025-12-05,Reorder Required,19.89,227
P0156,Madurai WH,116,22,125,13,35,10,SUP020,2025-11-20,Healthy,92.8,242
P0157,Chennai WH,88,19,120,16,35,6,SUP003,2025-12-18,Healthy,73.33,214
P0158,Coimbatore WH,254,32,275,26,58,10,SUP021,2025-11-02,Healthy,92.36,260
P0159,Chennai WH,109,25,259,22,47,6,SUP002,2025-12-18,Healthy,42.08,214
P0160,Coimbatore WH,120,21,202,30,51,7,SUP005,2025-12-18,Healthy,59.41,214
P0161,Chennai WH,39,27,190,20,47,5,SUP012,2025-11-02,Reorder Required,20.53,260
P0162,Coimbatore WH,5,26,133,13,39,10,SUP020,2025-12-18,Reorder Required,3.76,214
P0163,Chennai WH,167,16,212,30,46,9,SUP006,2025-11-02,Healthy,78.77,260
P0164,Madurai WH,113,39,200,19,58,9,SUP021,2025-11-20,Healthy,56.5,242
P0165,Madurai WH,123,21,201,28,49,8,SUP023,2025-11-20,Healthy,61.19,242
P0166,Chennai WH,187,35,270,25,60,8,SUP015,2025-12-05,Healthy,69.26,227
P0167,Madurai WH,111,31,159,12,43,5,SUP002,2025-11-20,Healthy,69.81,242
P0168,Chennai WH,84,27,185,25,52,6,SUP007,2025-11-02,Healthy,45.41,260
P0169,Coimbatore WH,63,20,196,29,49,5,SUP005,2025-12-18,Healthy,32.14,214
P0170,Chennai WH,1,31,181,22,53,9,SUP024,2025-12-18,Reorder Required,0.55,214
P0171,Chennai WH,63,37,186,29,66,6,SUP016,2025-11-20,Reorder Required,33.87,242
P0172,Chennai WH,143,25,222,16,41,9,SUP018,2025-11-20,Healthy,64.41,242
P0173,Chennai WH,216,35,284,22,57,5,SUP011,2025-11-02,Healthy,76.06,260
P0174,Madurai WH,111,26,180,27,53,3,SUP011,2025-12-05,Healthy,61.67,227
P0175,Madurai WH,9,40,260,13,53,3,SUP023,2025-10-15,Reorder Required,3.46,278
P0176,Coimbatore WH,33,27,143,12,39,5,SUP021,2025-11-02,Reorder Required,23.08,260
P0177,Chennai WH,113,23,183,17,40,6,SUP002,2025-10-15,Healthy,61.75,278
P0178,Chennai WH,141,31,211,16,47,10,SUP023,2025-11-02,Healthy,66.82,260
P0179,Chennai WH,121,38,291,25,63,10,SUP014,2025-10-15,Healthy,41.58,278
P0180,Chennai WH,37,29,290,12,41,8,SUP015,2025-12-18,Reorder Required,12.76,214
P0181,Chennai WH,57,32,192,17,49,5,SUP006,2025-10-15,Healthy,29.69,278
P0182,Chennai WH,61,23,156,29,52,7,SUP001,2025-11-20,Healthy,39.1,242
P0183,Coimbatore WH,131,26,188,21,47,4,SUP001,2025-10-15,Healthy,69.68,278
P0184,Coimbatore WH,264,37,268,18,55,4,SUP008,2025-11-20,Healthy,98.51,242
P0185,Coimbatore WH,223,25,271,24,49,6,SUP002,2025-10-15,Healthy,82.29,278
P0186,Coimbatore WH,121,40,156,11,51,4,SUP007,2025-12-18,Healthy,77.56,214
P0187,Coimbatore WH,104,37,283,26,63,3,SUP024,2025-11-02,Healthy,36.75,260
P0188,Coimbatore WH,154,19,286,28,47,5,SUP003,2025-12-05,Healthy,53.85,227
P0189,Coimbatore WH,19,15,235,12,27,7,SUP014,2025-12-05,Reorder Required,8.09,227
P0190,Chennai WH,171,25,236,13,38,5,SUP020,2025-12-18,Healthy,72.46,214
P0191,Coimbatore WH,166,34,279,29,63,7,SUP021,2025-12-18,Healthy,59.5,214
P0192,Coimbatore WH,165,24,176,15,39,6,SUP011,2025-10-15,Healthy,93.75,278
P0193,Chennai WH,101,17,236,25,42,6,SUP023,2025-12-05,Healthy,42.8,227
P0194,Madurai WH,9,24,264,20,44,7,SUP017,2025-10-15,Reorder Required,3.41,278
P0195,Coimbatore WH,226,29,245,14,43,5,SUP005,2025-12-05,Healthy,92.24,227
P0196,Chennai WH,63,38,166,13,51,7,SUP004,2025-12-18,Healthy,37.95,214
P0197,Madurai WH,80,33,167,19,52,8,SUP014,2025-11-20,Healthy,47.9,242
P0198,Coimbatore WH,100,17,248,17,34,3,SUP014,2025-10-15,Healthy,40.32,278
P0199,Madurai WH,171,23,238,17,40,7,SUP007,2025-12-05,Healthy,71.85,227
P0200,Madurai WH,131,17,156,16,33,6,SUP010,2025-11-02,Healthy,83.97,260
P0201,Coimbatore WH,103,25,140,15,40,7,SUP008,2025-12-05,Healthy,73.57,227
P0202,Madurai WH,74,38,143,24,62,5,SUP020,2025-10-15,Healthy,51.75,278
P0203,Coimbatore WH,43,37,245,17,54,10,SUP010,2025-11-20,Reorder Required,17.55,242
P0204,Chennai WH,57,39,243,11,50,6,SUP002,2025-11-20,Healthy,23.46,242
P0205,Chennai WH,32,24,288,14,38,9,SUP025,2025-12-05,Reorder Required,11.11,227
P0206,Chennai WH,37,20,141,10,30,5,SUP018,2025-12-18,Healthy,26.24,214
P0207,Chennai WH,23,32,153,26,58,3,SUP015,2025-12-05,Reorder Required,15.03,227
P0208,Coimbatore WH,177,36,188,26,62,8,SUP016,2025-10-15,Healthy,94.15,278
P0209,Coimbatore WH,162,15,178,29,44,7,SUP020,2025-11-20,Healthy,91.01,242
P0210,Chennai WH,93,38,281,26,64,3,SUP007,2025-11-20,Healthy,33.1,242
P0211,Chennai WH,103,40,139,15,55,10,SUP011,2025-12-18,Healthy,74.1,214
P0212,Chennai WH,36,30,209,27,57,10,SUP025,2025-11-02,Reorder Required,17.22,260
P0213,Chennai WH,225,40,231,28,68,10,SUP007,2025-11-20,Healthy,97.4,242
P0214,Madurai WH,127,36,202,10,46,6,SUP014,2025-10-15,Healthy,62.87,278
P0215,Chennai WH,113,39,264,29,68,10,SUP013,2025-10-15,Healthy,42.8,278
P0216,Madurai WH,26,33,228,27,60,9,SUP007,2025-11-02,Reorder Required,11.4,260
P0217,Coimbatore WH,66,16,157,17,33,6,SUP010,2025-11-02,Healthy,42.04,260
P0218,Coimbatore WH,143,33,205,13,46,3,SUP014,2025-10-15,Healthy,69.76,278
P0219,Madurai WH,209,15,219,20,35,9,SUP019,2025-11-20,Healthy,95.43,242
P0220,Chennai WH,198,33,258,19,52,10,SUP024,2025-11-02,Healthy,76.74,260
P0221,Madurai WH,52,17,212,23,40,4,SUP002,2025-10-15,Healthy,24.53,278
P0222,Madurai WH,79,28,179,15,43,4,SUP012,2025-12-18,Healthy,44.13,214
P0223,Chennai WH,137,39,215,18,57,5,SUP017,2025-12-05,Healthy,63.72,227
P0224,Coimbatore WH,72,32,196,11,43,7,SUP001,2025-10-15,Healthy,36.73,278
P0225,Chennai WH,66,32,144,11,43,8,SUP018,2025-11-02,Healthy,45.83,260
P0226,Chennai WH,22,16,255,27,43,10,SUP010,2025-11-20,Reorder Required,8.63,242
P0227,Chennai WH,159,25,201,27,52,9,SUP018,2025-11-02,Healthy,79.1,260
P0228,Chennai WH,62,40,241,16,56,10,SUP006,2025-11-20,Healthy,25.73,242
P0229,Coimbatore WH,86,28,150,29,57,10,SUP017,2025-10-15,Healthy,57.33,278
P0230,Madurai WH,187,21,287,25,46,5,SUP012,2025-11-20,Healthy,65.16,242
P0231,Chennai WH,23,25,285,27,52,8,SUP021,2025-12-18,Reorder Required,8.07,214
P0232,Madurai WH,131,20,168,20,40,7,SUP011,2025-11-02,Healthy,77.98,260
P0233,Coimbatore WH,175,30,211,19,49,6,SUP025,2025-12-18,Healthy,82.94,214
P0234,Chennai WH,250,26,255,23,49,8,SUP019,2025-12-18,Healthy,98.04,214
P0235,Madurai WH,71,35,269,13,48,9,SUP010,2025-12-05,Healthy,26.39,227
P0236,Chennai WH,31,17,145,18,35,7,SUP016,2025-11-20,Reorder Required,21.38,242
P0237,Coimbatore WH,54,19,146,30,49,8,SUP003,2025-12-05,Healthy,36.99,227
P0238,Madurai WH,112,18,141,30,48,9,SUP006,2025-12-18,Healthy,79.43,214
P0239,Chennai WH,40,22,246,11,33,6,SUP002,2025-10-15,Healthy,16.26,278
P0240,Chennai WH,86,32,189,15,47,4,SUP018,2025-11-02,Healthy,45.5,260
P0241,Chennai WH,82,30,179,22,52,8,SUP005,2025-12-05,Healthy,45.81,227
P0242,Chennai WH,156,22,197,26,48,4,SUP025,2025-12-18,Healthy,79.19,214
P0243,Madurai WH,39,17,196,10,27,4,SUP025,2025-12-05,Healthy,19.9,227
P0244,Chennai WH,13,31,147,23,54,10,SUP003,2025-11-02,Reorder Required,8.84,260
P0245,Chennai WH,132,15,170,22,37,6,SUP010,2025-12-18,Healthy,77.65,214
P0246,Coimbatore WH,235,16,256,22,38,10,SUP010,2025-10-15,Healthy,91.8,278
P0247,Madurai WH,28,19,182,23,42,10,SUP014,2025-11-20,Reorder Required,15.38,242
P0248,Chennai WH,90,31,210,16,47,9,SUP012,2025-10-15,Healthy,42.86,278
P0249,Madurai WH,119,35,147,11,46,9,SUP009,2025-12-18,Healthy,80.95,214
P0250,Madurai WH,38,26,270,20,46,10,SUP011,2025-10-15,Reorder Required,14.07,278
P0251,Coimbatore WH,187,20,219,23,43,9,SUP017,2025-11-20,Healthy,85.39,242
P0252,Coimbatore WH,147,24,182,21,45,10,SUP011,2025-12-05,Healthy,80.77,227
P0253,Chennai WH,51,17,175,18,35,8,SUP007,2025-12-18,Healthy,29.14,214
P0254,Chennai WH,122,25,142,28,53,9,SUP015,2025-11-20,Healthy,85.92,242
P0255,Chennai WH,39,16,117,10,26,10,SUP013,2025-12-18,Healthy,33.33,214
P0256,Chennai WH,162,19,190,20,39,5,SUP022,2025-10-15,Healthy,85.26,278
P0257,Madurai WH,84,38,224,14,52,4,SUP007,2025-12-18,Healthy,37.5,214
P0258,Madurai WH,54,34,215,22,56,10,SUP003,2025-11-20,Reorder Required,25.12,242
P0259,Madurai WH,148,23,186,14,37,9,SUP002,2025-10-15,Healthy,79.57,278
P0260,Chennai WH,59,18,128,17,35,10,SUP013,2025-12-18,Healthy,46.09,214
P0261,Chennai WH,74,17,147,20,37,9,SUP001,2025-12-18,Healthy,50.34,214
P0262,Coimbatore WH,286,21,286,15,36,8,SUP024,2025-11-20,Healthy,100.0,242
P0263,Coimbatore WH,159,26,241,28,54,8,SUP009,2025-12-18,Healthy,65.98,214
P0264,Chennai WH,12,17,182,10,27,9,SUP022,2025-11-20,Reorder Required,6.59,242
P0265,Chennai WH,96,28,210,15,43,8,SUP025,2025-11-02,Healthy,45.71,260
P0266,Coimbatore WH,48,20,208,29,49,8,SUP015,2025-12-18,Reorder Required,23.08,214
P0267,Madurai WH,93,23,195,27,50,8,SUP017,2025-11-02,Healthy,47.69,260
P0268,Chennai WH,116,16,161,21,37,3,SUP005,2025-10-15,Healthy,72.05,278
P0269,Chennai WH,116,17,168,14,31,6,SUP004,2025-11-02,Healthy,69.05,260
P0270,Chennai WH,132,32,141,26,58,3,SUP006,2025-10-15,Healthy,93.62,278
P0271,Coimbatore WH,101,27,291,28,55,6,SUP006,2025-10-15,Healthy,34.71,278
P0272,Madurai WH,180,17,183,25,42,8,SUP003,2025-12-18,Healthy,98.36,214
P0273,Madurai WH,86,39,234,22,61,9,SUP002,2025-10-15,Healthy,36.75,278
P0274,Coimbatore WH,246,37,271,10,47,7,SUP002,2025-12-05,Healthy,90.77,227
P0275,Chennai WH,187,37,243,29,66,8,SUP011,2025-11-20,Healthy,76.95,242
P0276,Chennai WH,188,22,267,24,46,7,SUP001,2025-12-05,Healthy,70.41,227
P0277,Coimbatore WH,2,37,240,10,47,5,SUP024,2025-12-05,Reorder Required,0.83,227
P0278,Coimbatore WH,161,35,248,26,61,5,SUP019,2025-11-20,Healthy,64.92,242
P0279,Coimbatore WH,185,37,282,29,66,10,SUP012,2025-12-18,Healthy,65.6,214
P0280,Madurai WH,163,24,269,26,50,8,SUP009,2025-12-05,Healthy,60.59,227
P0281,Madurai WH,15,39,287,16,55,5,SUP006,2025-11-20,Reorder Required,5.23,242
P0282,Coimbatore WH,20,18,197,29,47,10,SUP011,2025-12-18,Reorder Required,10.15,214
P0283,Coimbatore WH,71,18,253,18,36,5,SUP001,2025-12-05,Healthy,28.06,227
P0284,Madurai WH,104,23,152,12,35,8,SUP002,2025-10-15,Healthy,68.42,278
P0285,Madurai WH,44,38,316,29,67,9,SUP020,2025-11-20,Reorder Required,13.92,242
P0286,Coimbatore WH,104,20,276,30,50,5,SUP016,2025-10-15,Healthy,37.68,278
P0287,Madurai WH,121,37,138,21,58,3,SUP011,2025-12-05,Healthy,87.68,227
P0288,Madurai WH,110,35,281,13,48,10,SUP011,2025-11-02,Healthy,39.15,260
P0289,Coimbatore WH,222,25,269,12,37,7,SUP024,2025-11-02,Healthy,82.53,260
P0290,Coimbatore WH,128,23,213,15,38,4,SUP009,2025-12-18,Healthy,60.09,214
P0291,Chennai WH,21,37,217,19,56,6,SUP016,2025-10-15,Reorder Required,9.68,278
P0292,Chennai WH,205,24,267,14,38,3,SUP016,2025-10-15,Healthy,76.78,278
P0293,Chennai WH,18,35,228,17,52,10,SUP007,2025-12-18,Reorder Required,7.89,214
P0294,Chennai WH,140,24,143,21,45,9,SUP013,2025-12-05,Healthy,97.9,227
P0295,Madurai WH,109,30,194,28,58,10,SUP012,2025-12-05,Healthy,56.19,227
P0296,Chennai WH,74,30,245,12,42,9,SUP005,2025-12-05,Healthy,30.2,227
P0297,Coimbatore WH,253,35,273,26,61,10,SUP001,2025-12-05,Healthy,92.67,227
P0298,Coimbatore WH,56,31,264,29,60,7,SUP013,2025-10-15,Reorder Required,21.21,278
P0299,Madurai WH,6,33,144,18,51,3,SUP023,2025-10-15,Reorder Required,4.17,278
P0300,Chennai WH,51,24,257,17,41,6,SUP020,2025-12-18,Healthy,19.84,214
P0301,Coimbatore WH,44,16,273,16,32,10,SUP011,2025-10-15,Healthy,16.12,278
P0302,Chennai WH,19,18,163,21,39,10,SUP008,2025-10-15,Reorder Required,11.66,278
P0303,Chennai WH,68,38,139,20,58,5,SUP007,2025-11-20,Healthy,48.92,242
P0304,Chennai WH,27,17,139,19,36,10,SUP022,2025-12-18,Reorder Required,19.42,214
P0305,Chennai WH,223,25,283,22,47,10,SUP003,2025-11-20,Healthy,78.8,242
P0306,Chennai WH,19,18,187,17,35,6,SUP021,2025-10-15,Reorder Required,10.16,278
P0307,Coimbatore WH,111,28,168,22,50,9,SUP012,2025-12-05,Healthy,66.07,227
P0308,Coimbatore WH,94,34,260,20,54,6,SUP025,2025-11-20,Healthy,36.15,242
P0309,Coimbatore WH,100,27,141,20,47,8,SUP022,2025-12-18,Healthy,70.92,214
P0310,Chennai WH,234,23,251,18,41,9,SUP008,2025-10-15,Healthy,93.23,278
P0311,Chennai WH,63,27,254,11,38,5,SUP016,2025-11-20,Healthy,24.8,242
P0312,Coimbatore WH,67,33,217,17,50,10,SUP009,2025-11-02,Healthy,30.88,260
P0313,Coimbatore WH,53,39,264,24,63,8,SUP020,2025-10-15,Reorder Required,20.08,278
P0314,Chennai WH,120,36,278,28,64,6,SUP019,2025-11-02,Healthy,43.17,260
P0315,Chennai WH,123,22,138,17,39,9,SUP019,2025-12-18,Healthy,89.13,214
P0316,Madurai WH,170,32,171,24,56,8,SUP009,2025-12-18,Healthy,99.42,214
P0317,Madurai WH,82,16,178,20,36,8,SUP001,2025-12-05,Healthy,46.07,227
P0318,Coimbatore WH,55,23,228,30,53,7,SUP002,2025-12-18,Healthy,24.12,214
P0319,Chennai WH,65,23,168,29,52,5,SUP004,2025-12-05,Healthy,38.69,227
P0320,Chennai WH,165,30,178,26,56,8,SUP019,2025-11-02,Healthy,92.7,260
P0321,Madurai WH,6,35,288,25,60,3,SUP021,2025-11-02,Reorder Required,2.08,260
P0322,Chennai WH,7,33,224,23,56,10,SUP015,2025-10-15,Reorder Required,3.12,278
P0323,Coimbatore WH,166,36,278,19,55,5,SUP023,2025-11-02,Healthy,59.71,260
P0324,Chennai WH,162,28,191,14,42,6,SUP001,2025-11-20,Healthy,84.82,242
P0325,Coimbatore WH,221,31,244,12,43,3,SUP020,2025-10-15,Healthy,90.57,278
P0326,Madurai WH,89,38,294,12,50,4,SUP022,2025-12-05,Healthy,30.27,227
P0327,Chennai WH,156,38,201,15,53,9,SUP018,2025-11-20,Healthy,77.61,242
P0328,Madurai WH,103,16,118,20,36,7,SUP005,2025-11-20,Healthy,87.29,242
P0329,Chennai WH,33,15,192,23,38,6,SUP013,2025-11-20,Reorder Required,17.19,242
P0330,Madurai WH,181,21,181,28,49,5,SUP017,2025-12-18,Healthy,100.0,214
P0331,Madurai WH,172,40,287,22,62,3,SUP002,2025-12-05,Healthy,59.93,227
P0332,Coimbatore WH,174,18,179,25,43,3,SUP024,2025-12-18,Healthy,97.21,214
P0333,Chennai WH,71,22,228,13,35,7,SUP019,2025-11-20,Healthy,31.14,242
P0334,Madurai WH,82,40,309,20,60,7,SUP009,2025-11-02,Healthy,26.54,260
P0335,Coimbatore WH,52,39,153,10,49,10,SUP004,2025-10-15,Healthy,33.99,278
P0336,Chennai WH,49,35,244,19,54,8,SUP018,2025-10-15,Reorder Required,20.08,278
P0337,Chennai WH,184,35,254,14,49,6,SUP001,2025-12-18,Healthy,72.44,214
P0338,Madurai WH,33,35,186,14,49,6,SUP011,2025-11-02,Reorder Required,17.74,260
P0339,Chennai WH,148,22,261,29,51,4,SUP002,2025-11-02,Healthy,56.7,260
P0340,Coimbatore WH,38,30,130,13,43,7,SUP006,2025-11-02,Reorder Required,29.23,260
P0341,Madurai WH,139,29,186,23,52,10,SUP004,2025-10-15,Healthy,74.73,278
P0342,Coimbatore WH,11,30,158,21,51,9,SUP023,2025-12-18,Reorder Required,6.96,214
P0343,Chennai WH,192,40,250,26,66,3,SUP008,2025-11-02,Healthy,76.8,260
P0344,Coimbatore WH,76,33,255,14,47,4,SUP019,2025-11-20,Healthy,29.8,242
P0345,Coimbatore WH,172,26,264,12,38,4,SUP004,2025-11-02,Healthy,65.15,260
P0346,Chennai WH,151,24,157,20,44,5,SUP019,2025-11-20,Healthy,96.18,242
P0347,Chennai WH,11,29,260,16,45,9,SUP015,2025-11-02,Reorder Required,4.23,260
P0348,Coimbatore WH,34,38,255,14,52,9,SUP001,2025-12-05,Reorder Required,13.33,227
P0349,Madurai WH,14,16,216,17,33,4,SUP024,2025-11-20,Reorder Required,6.48,242
P0350,Madurai WH,151,17,152,17,34,5,SUP016,2025-11-02,Healthy,99.34,260
P0351,Chennai WH,34,33,192,26,59,9,SUP011,2025-11-02,Reorder Required,17.71,260
P0352,Chennai WH,70,28,284,26,54,7,SUP006,2025-10-15,Healthy,24.65,278
P0353,Chennai WH,19,21,137,16,37,5,SUP015,2025-11-02,Reorder Required,13.87,260
P0354,Coimbatore WH,157,31,179,13,44,9,SUP007,2025-12-18,Healthy,87.71,214
P0355,Coimbatore WH,9,28,126,11,39,3,SUP012,2025-12-05,Reorder Required,7.14,227
P0356,Madurai WH,13,19,212,15,34,5,SUP011,2025-11-02,Reorder Required,6.13,260
P0357,Coimbatore WH,88,32,229,14,46,10,SUP024,2025-12-18,Healthy,38.43,214
P0358,Coimbatore WH,76,15,204,13,28,6,SUP005,2025-12-05,Healthy,37.25,227
P0359,Coimbatore WH,163,25,195,11,36,6,SUP010,2025-11-20,Healthy,83.59,242
P0360,Chennai WH,8,40,151,30,70,10,SUP019,2025-10-15,Reorder Required,5.3,278
P0361,Chennai WH,188,35,262,13,48,9,SUP019,2025-11-02,Healthy,71.76,260
P0362,Chennai WH,88,31,208,12,43,5,SUP010,2025-11-02,Healthy,42.31,260
P0363,Madurai WH,2,30,239,17,47,7,SUP015,2025-12-05,Reorder Required,0.84,227
P0364,Chennai WH,102,30,162,16,46,4,SUP020,2025-12-18,Healthy,62.96,214
P0365,Madurai WH,23,40,224,14,54,7,SUP022,2025-12-05,Reorder Required,10.27,227
P0366,Madurai WH,139,23,281,23,46,4,SUP013,2025-11-02,Healthy,49.47,260
P0367,Chennai WH,47,19,255,25,44,9,SUP010,2025-12-05,Healthy,18.43,227
P0368,Coimbatore WH,162,27,285,25,52,9,SUP011,2025-12-05,Healthy,56.84,227
P0369,Chennai WH,100,20,289,26,46,6,SUP002,2025-10-15,Healthy,34.6,278
P0370,Coimbatore WH,122,25,223,16,41,3,SUP014,2025-11-20,Healthy,54.71,242
P0371,Chennai WH,77,23,126,22,45,7,SUP005,2025-12-18,Healthy,61.11,214
P0372,Chennai WH,2,20,257,14,34,10,SUP005,2025-11-20,Reorder Required,0.78,242
P0373,Madurai WH,3,32,156,22,54,7,SUP008,2025-12-18,Reorder Required,1.92,214
P0374,Madurai WH,60,31,255,29,60,8,SUP025,2025-12-18,Reorder Required,23.53,214
P0375,Chennai WH,43,28,262,23,51,7,SUP021,2025-11-20,Reorder Required,16.41,242
P0376,Madurai WH,130,37,145,16,53,10,SUP012,2025-10-15,Healthy,89.66,278
P0377,Coimbatore WH,23,23,150,12,35,9,SUP011,2025-10-15,Reorder Required,15.33,278
P0378,Chennai WH,224,19,293,24,43,7,SUP010,2025-12-05,Healthy,76.45,227
P0379,Madurai WH,43,24,129,25,49,4,SUP021,2025-10-15,Reorder Required,33.33,278
P0380,Coimbatore WH,78,15,134,17,32,8,SUP008,2025-11-02,Healthy,58.21,260
P0381,Chennai WH,82,27,233,13,40,4,SUP014,2025-11-02,Healthy,35.19,260
P0382,Chennai WH,129,29,181,30,59,6,SUP005,2025-12-18,Healthy,71.27,214
P0383,Chennai WH,119,18,262,22,40,3,SUP025,2025-11-20,Healthy,45.42,242
P0384,Madurai WH,149,16,270,13,29,5,SUP007,2025-11-02,Healthy,55.19,260
P0385,Chennai WH,150,24,270,27,51,7,SUP022,2025-11-02,Healthy,55.56,260
P0386,Chennai WH,155,31,195,27,58,8,SUP009,2025-12-05,Healthy,79.49,227
P0387,Madurai WH,33,16,262,24,40,7,SUP023,2025-10-15,Reorder Required,12.6,278
P0388,Madurai WH,179,33,232,20,53,7,SUP001,2025-10-15,Healthy,77.16,278
P0389,Madurai WH,47,18,137,19,37,9,SUP013,2025-11-02,Healthy,34.31,260
P0390,Chennai WH,126,34,137,10,44,3,SUP009,2025-11-20,Healthy,91.97,242
P0391,Madurai WH,113,15,240,24,39,3,SUP013,2025-12-05,Healthy,47.08,227
P0392,Coimbatore WH,108,15,141,23,38,6,SUP005,2025-12-18,Healthy,76.6,214
P0393,Coimbatore WH,85,25,208,20,45,6,SUP005,2025-12-05,Healthy,40.87,227
P0394,Chennai WH,18,40,151,20,60,5,SUP014,2025-11-02,Reorder Required,11.92,260
P0395,Coimbatore WH,50,33,281,29,62,3,SUP001,2025-12-05,Reorder Required,17.79,227
P0396,Chennai WH,120,20,141,27,47,9,SUP023,2025-11-02,Healthy,85.11,260
P0397,Chennai WH,3,38,224,10,48,4,SUP008,2025-11-20,Reorder Required,1.34,242
P0398,Madurai WH,119,27,222,30,57,7,SUP018,2025-11-02,Healthy,53.6,260
P0399,Coimbatore WH,96,31,237,22,53,9,SUP022,2025-12-18,Healthy,40.51,214
P0400,Coimbatore WH,40,34,144,29,63,10,SUP006,2025-10-15,Reorder Required,27.78,278
P0401,Madurai WH,131,23,275,24,47,4,SUP009,2025-12-18,Healthy,47.64,214
P0402,Madurai WH,30,33,175,10,43,3,SUP008,2025-10-15,Reorder Required,17.14,278
P0403,Coimbatore WH,63,39,187,20,59,8,SUP009,2025-10-15,Healthy,33.69,278
P0404,Coimbatore WH,55,30,271,17,47,9,SUP006,2025-11-02,Healthy,20.3,260
P0405,Coimbatore WH,97,20,281,11,31,6,SUP020,2025-12-05,Healthy,34.52,227
P0406,Madurai WH,49,34,164,28,62,10,SUP019,2025-12-05,Reorder Required,29.88,227
P0407,Madurai WH,93,32,145,18,50,10,SUP016,2025-11-02,Healthy,64.14,260
P0408,Madurai WH,32,24,166,24,48,8,SUP001,2025-12-05,Reorder Required,19.28,227
P0409,Coimbatore WH,117,24,200,24,48,7,SUP002,2025-10-15,Healthy,58.5,278
P0410,Chennai WH,68,22,179,27,49,4,SUP023,2025-11-20,Healthy,37.99,242
P0411,Coimbatore WH,0,28,266,19,47,5,SUP023,2025-11-20,Out of Stock,0.0,242
P0412,Coimbatore WH,85,31,145,21,52,5,SUP010,2025-12-05,Healthy,58.62,227
P0413,Coimbatore WH,172,23,173,25,48,4,SUP022,2025-11-02,Healthy,99.42,260
P0414,Coimbatore WH,138,19,280,12,31,8,SUP006,2025-11-02,Healthy,49.29,260
P0415,Chennai WH,22,16,198,22,38,9,SUP025,2025-11-02,Reorder Required,11.11,260
P0416,Chennai WH,37,34,204,16,50,8,SUP003,2025-12-18,Reorder Required,18.14,214
P0417,Madurai WH,22,18,210,14,32,5,SUP016,2025-11-02,Reorder Required,10.48,260
P0418,Coimbatore WH,217,37,289,24,61,4,SUP002,2025-12-18,Healthy,75.09,214
P0419,Chennai WH,255,40,286,24,64,3,SUP025,2025-11-20,Healthy,89.16,242
P0420,Chennai WH,79,23,242,18,41,6,SUP006,2025-12-05,Healthy,32.64,227
P0421,Coimbatore WH,39,21,220,29,50,10,SUP013,2025-11-20,Reorder Required,17.73,242
P0422,Coimbatore WH,156,38,277,21,59,5,SUP003,2025-12-05,Healthy,56.32,227
P0423,Chennai WH,18,24,202,13,37,7,SUP010,2025-10-15,Reorder Required,8.91,278
P0424,Madurai WH,161,24,275,23,47,6,SUP023,2025-10-15,Healthy,58.55,278
P0425,Chennai WH,16,19,172,26,45,6,SUP024,2025-12-05,Reorder Required,9.3,227
P0426,Chennai WH,42,38,251,29,67,6,SUP002,2025-12-05,Reorder Required,16.73,227
P0427,Chennai WH,187,20,216,29,49,5,SUP013,2025-12-05,Healthy,86.57,227
P0428,Madurai WH,74,18,227,22,40,4,SUP015,2025-11-20,Healthy,32.6,242
P0429,Coimbatore WH,231,23,248,25,48,6,SUP001,2025-12-18,Healthy,93.15,214
P0430,Chennai WH,4,16,202,27,43,4,SUP019,2025-12-18,Reorder Required,1.98,214
P0431,Madurai WH,146,35,204,15,50,6,SUP018,2025-11-20,Healthy,71.57,242
P0432,Madurai WH,144,34,151,28,62,10,SUP019,2025-11-20,Healthy,95.36,242
P0433,Coimbatore WH,129,37,142,25,62,9,SUP023,2025-11-20,Healthy,90.85,242
P0434,Chennai WH,143,21,148,28,49,10,SUP015,2025-12-05,Healthy,96.62,227
P0435,Chennai WH,38,25,268,11,36,6,SUP016,2025-10-15,Healthy,14.18,278
P0436,Madurai WH,117,16,211,20,36,8,SUP023,2025-11-20,Healthy,55.45,242
P0437,Madurai WH,97,22,185,29,51,7,SUP025,2025-12-05,Healthy,52.43,227
P0438,Coimbatore WH,130,36,165,12,48,6,SUP024,2025-12-05,Healthy,78.79,227
P0439,Coimbatore WH,296,38,298,12,50,9,SUP009,2025-11-02,Healthy,99.33,260
P0440,Coimbatore WH,45,20,253,19,39,9,SUP002,2025-11-20,Healthy,17.79,242
P0441,Madurai WH,6,34,257,26,60,10,SUP023,2025-12-18,Reorder Required,2.33,214
P0442,Coimbatore WH,126,39,145,23,62,3,SUP003,2025-11-02,Healthy,86.9,260
P0443,Chennai WH,105,15,167,19,34,4,SUP002,2025-10-15,Healthy,62.87,278
P0444,Coimbatore WH,26,21,256,20,41,4,SUP022,2025-12-18,Reorder Required,10.16,214
P0445,Madurai WH,116,35,220,19,54,6,SUP013,2025-10-15,Healthy,52.73,278
P0446,Madurai WH,217,32,236,30,62,6,SUP022,2025-12-18,Healthy,91.95,214
P0447,Coimbatore WH,46,40,152,28,68,3,SUP007,2025-11-02,Reorder Required,30.26,260
P0448,Madurai WH,1,32,216,15,47,4,SUP009,2025-11-02,Reorder Required,0.46,260
P0449,Madurai WH,100,15,115,14,29,7,SUP016,2025-11-20,Healthy,86.96,242
P0450,Madurai WH,87,16,226,16,32,3,SUP003,2025-10-15,Healthy,38.5,278
P0451,Madurai WH,252,39,309,23,62,3,SUP009,2025-10-15,Healthy,81.55,278
P0452,Coimbatore WH,138,18,199,16,34,4,SUP024,2025-12-18,Healthy,69.35,214
P0453,Coimbatore WH,53,21,186,30,51,6,SUP004,2025-10-15,Healthy,28.49,278
P0454,Coimbatore WH,242,22,267,27,49,6,SUP019,2025-10-15,Healthy,90.64,278
P0455,Chennai WH,6,16,263,29,45,6,SUP015,2025-12-18,Reorder Required,2.28,214
P0456,Chennai WH,169,15,230,22,37,6,SUP004,2025-12-05,Healthy,73.48,227
P0457,Coimbatore WH,97,29,169,28,57,5,SUP012,2025-10-15,Healthy,57.4,278
P0458,Chennai WH,143,24,149,20,44,7,SUP016,2025-12-05,Healthy,95.97,227
P0459,Chennai WH,281,18,284,30,48,10,SUP003,2025-11-20,Healthy,98.94,242
P0460,Chennai WH,127,23,233,21,44,10,SUP006,2025-11-20,Healthy,54.51,242
P0461,Chennai WH,75,20,167,24,44,4,SUP025,2025-11-02,Healthy,44.91,260
P0462,Coimbatore WH,107,22,186,29,51,10,SUP004,2025-11-20,Healthy,57.53,242
P0463,Chennai WH,139,21,238,18,39,7,SUP022,2025-10-15,Healthy,58.4,278
P0464,Madurai WH,195,33,215,24,57,5,SUP011,2025-11-20,Healthy,90.7,242
P0465,Madurai WH,118,36,173,23,59,5,SUP014,2025-11-02,Healthy,68.21,260
P0466,Madurai WH,97,24,140,30,54,8,SUP016,2025-12-18,Healthy,69.29,214
P0467,Madurai WH,75,33,134,12,45,7,SUP006,2025-12-05,Healthy,55.97,227
P0468,Chennai WH,195,19,197,11,30,5,SUP005,2025-12-18,Healthy,98.98,214
P0469,Madurai WH,30,23,155,14,37,10,SUP012,2025-12-18,Reorder Required,19.35,214
P0470,Chennai WH,23,32,217,24,56,10,SUP001,2025-11-20,Reorder Required,10.6,242
P0471,Madurai WH,155,39,247,15,54,10,SUP015,2025-10-15,Healthy,62.75,278
P0472,Coimbatore WH,83,18,247,22,40,6,SUP017,2025-12-18,Healthy,33.6,214
P0473,Madurai WH,155,15,276,23,38,10,SUP011,2025-12-05,Healthy,56.16,227
P0474,Coimbatore WH,162,40,284,23,63,4,SUP021,2025-12-18,Healthy,57.04,214
P0475,Chennai WH,135,40,195,29,69,10,SUP004,2025-12-18,Healthy,69.23,214
P0476,Madurai WH,188,32,221,19,51,7,SUP011,2025-12-05,Healthy,85.07,227
P0477,Chennai WH,176,37,269,12,49,10,SUP016,2025-11-02,Healthy,65.43,260
P0478,Chennai WH,112,24,153,24,48,9,SUP012,2025-10-15,Healthy,73.2,278
P0479,Coimbatore WH,107,21,230,27,48,10,SUP001,2025-12-18,Healthy,46.52,214
P0480,Madurai WH,40,31,161,14,45,4,SUP013,2025-12-05,Reorder Required,24.84,227
P0481,Madurai WH,120,30,238,24,54,10,SUP021,2025-10-15,Healthy,50.42,278
P0482,Coimbatore WH,55,16,175,19,35,6,SUP015,2025-12-05,Healthy,31.43,227
P0483,Chennai WH,235,23,297,27,50,7,SUP023,2025-11-20,Healthy,79.12,242
P0484,Coimbatore WH,79,36,149,24,60,4,SUP017,2025-12-05,Healthy,53.02,227
P0485,Chennai WH,166,28,266,11,39,6,SUP013,2025-12-18,Healthy,62.41,214
P0486,Madurai WH,213,38,285,28,66,8,SUP009,2025-11-02,Healthy,74.74,260
P0487,Madurai WH,41,39,189,30,69,7,SUP001,2025-11-02,Reorder Required,21.69,260
P0488,Coimbatore WH,7,24,149,12,36,6,SUP009,2025-12-18,Reorder Required,4.7,214
P0489,Chennai WH,27,37,191,14,51,7,SUP013,2025-12-05,Reorder Required,14.14,227
P0490,Madurai WH,66,37,172,17,54,4,SUP019,2025-11-20,Healthy,38.37,242
P0491,Madurai WH,106,33,145,30,63,4,SUP009,2025-12-05,Healthy,73.1,227
P0492,Chennai WH,22,35,166,12,47,3,SUP022,2025-11-02,Reorder Required,13.25,260
P0493,Chennai WH,145,35,216,28,63,10,SUP005,2025-11-20,Healthy,67.13,242
P0494,Madurai WH,23,17,120,14,31,5,SUP012,2025-10-15,Reorder Required,19.17,278
P0495,Madurai WH,40,18,206,13,31,5,SUP021,2025-11-02,Healthy,19.42,260
P0496,Madurai WH,169,26,276,10,36,9,SUP014,2025-11-02,Healthy,61.23,260
P0497,Chennai WH,180,21,229,13,34,6,SUP014,2025-11-20,Healthy,78.6,242
P0498,Madurai WH,26,34,246,13,47,10,SUP007,2025-11-02,Reorder Required,10.57,260
P0499,Coimbatore WH,171,19,252,11,30,9,SUP008,2025-12-05,Healthy,67.86,227
P0500,Coimbatore WH,102,27,240,17,44,9,SUP023,2025-11-02,Healthy,42.5,260
